keyword,clicks_or_traffic,brand_type,share_pct,landing_page_or_intent
fast 1xbet cash,8,Branded,32.0%,Homepage (Brand Navigation)
1xbet telegram bot sri lanka,5,Branded,20.0%,Homepage (Channel / Bot Discovery)
fast xbet cash bot,3,Branded,12.0%,Homepage (Brand Search)
1xbet cash desk lanka,2,Branded,8.0%,Homepage (Cashier Feature)
1xbet deposit sinhala telegram,2,Branded,8.0%,Homepage (Deposit Guide)
ez cash 1xbet deposit bot,1,Branded,4.0%,Homepage (Payment Rail Intent)
mcash 1xbet lanka,1,Branded,4.0%,Homepage (Payment Rail Intent)
fast xbet official tips,1,Branded,4.0%,Homepage (Tips Channel Discovery)
free sports betting tips sri lanka,1,Non-Branded,4.0%,Homepage (Tips Discovery)
cricket betting tips telegram lanka,1,Non-Branded,4.0%,Homepage (Cricket Intent)
